,Stock,Start Date,End Date,Accord Code,Sr.No.,Company Name,CD_BSE Code,CD_Bse Scrip Name,CD_NSE Symbol,CD_ISIN No
0,ABB,29-12-2006,01-02-2013,100002,33,ABB India Ltd.,500002.0,ABB LTD.,ABB,INE117A01022
1,SUZLON,29-12-2006,01-03-2013,132667,3504,Suzlon Energy Ltd.,532667.0,SUZLONENERGY,SUZLON,INE040H01021
2,GUJFLUORO,05-08-2011,01-03-2013,295872,1278,Gujarat Fluorochemicals Ltd.,542812.0,FLUOROCHEM,FLUOROCHEM,INE09N301011
3,GVKPIL,21-08-2008,01-04-2013,132708,1298,GVK Power & Infrastructure Ltd.,532708.0,GVK POWERINF,GVKPIL,INE251H01024
4,BHUSANSTL,05-09-2007,01-04-2013,100055,3571,Tata Steel BSL Ltd.,500055.0,TATASTLBSL,TATASTLBSL,INE824B01021
5,WELCORP,17-05-2010,26-04-2013,132144,3971,Welspun Corp Ltd.,532144.0,WELCORP,WELCORP,INE191B01025
6,IVRCLINFRA,29-12-2006,28-06-2013,130773,1649,IVRCL Ltd.,530773.0,IVRCL LTD,IVRCLINFRA,INE875A01025
7,STER,29-12-2006,27-08-2013,100900,3423,Sterlite Industries (India) Ltd.(Merged),500900.0,STERLITE IN,STER,INE268A01049
8,SINTEX,21-08-2008,29-08-2013,102742,3301,Sintex Industries Ltd.,502742.0,SINTEX IND.,SINTEX,INE429C01035
9,RAYMOND,29-04-2011,27-09-2013,100330,2948,Raymond Ltd.,500330.0,RAYMOND,RAYMOND,INE301A01014
10,INDHOTEL,29-12-2006,27-09-2013,100850,3629,The Indian Hotels Company Ltd.,500850.0,INDIAN HOTEL,INDHOTEL,INE053A01029
11,CHAMBLFERT,29-12-2006,01-11-2013,100085,641,Chambal Fertilisers and Chemicals Ltd.,500085.0,CHAMBAL FERT,CHAMBLFERT,INE085A01013
12,OPTOCIRCUI,21-08-2008,01-11-2013,132391,2592,Opto Circuits (India) Ltd.,532391.0,OPTO CIRCUIT,OPTOCIRCUI,INE808B01016
13,FINANTECH,11-05-2007,01-11-2013,126881,9,63 Moons Technologies Ltd.,526881.0,63MOONS,63MOONS,INE111B01023
14,PUNJLLOYD,29-12-2006,01-11-2013,132693,2846,Punj Lloyd Ltd.,532693.0,PUNJ LLOYD,PUNJLLOYD,INE701B01021
15,RENUKA,29-12-2006,01-11-2013,132670,3237,Shree Renuka Sugars Ltd.,532670.0,RENUKA SUGAR,RENUKA,INE087H01022
16,GSPL,21-08-2008,01-11-2013,132702,1293,Gujarat State Petronet Ltd.,532702.0,GUJ PETRONET,GSPL,INE246F01010
17,DENABANK,11-05-2007,29-11-2013,132121,811,Dena Bank - (Amalgamated),532121.0,DENA BANK,DENABANK,INE077A01010
18,VIJAYABANK,29-12-2006,29-11-2013,132401,3885,Vijaya Bank - (Amalgamated),532401.0,VIJAYA BANK,VIJAYABANK,INE705A01016
19,FEL,11-05-2007,31-01-2014,123574,1100,Future Enterprises Ltd.,523574.0,FEL,FEL,INE623B01027
20,GSKCONS,03-10-2013,30-05-2014,100676,1172,Glaxosmithkline Consumer Healthcare Ltd. - (Amalgamated),500676.0,GLAXOSMITHKL,GSKCONS,INE264A01014
21,UNITDSPR,29-12-2006,19-09-2014,132432,3777,United Spirits Ltd.,532432.0,UNITDSPR,UNITDSPR,INE854D01024
22,RANBAXY,29-12-2006,06-04-2015,100359,2925,Ranbaxy Laboratories Ltd.- (Amalgamation),500359.0,RANBAXY LAB.,RANBAXY,INE015A01028
23,JPPOWER,08-01-2010,28-09-2015,132627,1665,Jaiprakash Power Ventures Ltd.,532627.0,JPPOWER,JPPOWER,INE351F01018
24,AMTEKAUTO,28-11-2014,30-10-2015,120077,195,Amtek Auto Ltd.,520077.0,AMTEK AUTO,AMTEKAUTO,INE130C01021
25,UCOBANK,21-08-2008,01-07-2016,132505,3741,UCO Bank,532505.0,UCOBANK,UCOBANK,INE691A01018
26,IOB,29-12-2006,01-07-2016,132388,1538,Indian Overseas Bank,532388.0,INDIAN OVER.,IOB,INE565A01014
27,UNITECH,11-05-2007,29-07-2016,107878,3770,Unitech Ltd.,507878.0,UNITECH LTD,UNITECH,INE694A01020
28,MCLEODRUSS,19-02-2010,27-02-2017,132654,2122,Mcleod Russel India Ltd.,532654.0,MCLEOD RUSSE,MCLEODRUSS,INE942G01012
29,CROMPGREAV,29-12-2006,08-03-2017,280713,740,Crompton Greaves Consumer Electricals Ltd.,539876.0,CROMPTON,CROMPTON,INE299U01018
30,CAIRN,08-01-2007,26-04-2017,132792,583,Cairn India Ltd. (Amalgamated),532792.0,CAIRN IND,CAIRN,INE910H01017
31,ABIRLANUVO,11-05-2007,05-07-2017,100303,68,Aditya Birla Nuvo Ltd. - (Amalgamated),500303.0,ADI BIR NUVO,ABIRLANUVO,INE069A01017
32,SINTEX,01-07-2016,01-09-2017,102742,3301,Sintex Industries Ltd.,502742.0,SINTEX IND.,SINTEX,INE429C01035
33,RDEL,31-03-2017,18-09-2017,210595,2975,Reliance Naval and Engineering Ltd.,533107.0,RNAVAL,RNAVAL,INE542F01012
34,IBREALEST,21-08-2008,01-12-2017,132832,996,Equinox India Developments Ltd.,532832.0,EMBDL,EMBDL,INE069I01010
35,ICIL,26-02-2016,29-01-2018,121016,1550,Indo Count Industries Ltd.,521016.0,INDO COUNT,ICIL,INE483B01026
36,JSWENERGY,18-07-2011,29-01-2018,208461,1734,JSW Energy Ltd.,533148.0,JSW ENERGY,JSWENERGY,INE121E01018
37,FORTIS,28-04-2017,02-04-2018,132843,1089,Fortis Healthcare Ltd.,532843.0,FORTIS,FORTIS,INE061F01013
38,HDIL,24-07-2007,27-04-2018,132873,1423,Housing Development And Infrastructure Ltd.,532873.0,HOUSING DEV,HDIL,INE191I01012
39,RNAVAL,18-09-2017,31-05-2018,210595,2975,Reliance Naval and Engineering Ltd.,533107.0,RNAVAL,RNAVAL,INE542F01012
40,ANDHRABANK,29-12-2006,27-09-2018,132418,198,Andhra Bank - (Amalgamated),532418.0,ANDHRA BANK,ANDHRABANK,INE434A01013
41,BALRAMCHIN,28-04-2017,27-09-2018,100038,408,Balrampur Chini Mills Ltd.,500038.0,BALRAM.CHINI,BALRAMCHIN,INE119A01028
42,HCC,26-05-2017,29-11-2018,100185,1385,Hindustan Construction Company Ltd.,500185.0,HIND.CONSTN.,HCC,INE549A01026
43,DALMIABHA,31-03-2017,29-11-2018,222633,766,Dalmia Bharat Ltd. - (Amalgamated),533309.0,DALMIABHA,DALMIABHA,INE439L01019
44,GRANULES,26-02-2016,29-11-2018,132482,1238,Granules India Ltd.,532482.0,GRANULES (I),GRANULES,INE101D01020
45,CAPF,31-03-2017,27-12-2018,200040,596,Capital First Ltd. - (Amalgamated),532938.0,CAPF,CAPF,INE688I01017
46,PTC,21-08-2008,31-01-2019,132524,2841,PTC India Ltd.,532524.0,PTC INDIA,PTC,INE877F01012
47,RCOM,29-12-2006,28-02-2019,132712,2967,Reliance Communications Ltd.,532712.0,REL COM LTD,RCOM,INE330H01018
48,SREINFRA,30-06-2017,28-02-2019,123756,3383,SREI Infrastructure Finance Ltd.,523756.0,SREIINFRA,SREINFRA,INE872A01014
49,JPASSOCIAT,29-12-2006,28-03-2019,132532,1663,Jaiprakash Associates Ltd.,532532.0,JAIPRA,JPASSOCIAT,INE455F01025
50,TV18BRDCST,28-09-2015,28-06-2019,132800,3729,TV18 Broadcast Ltd. - (Amalgamated),532800.0,TV18BRDCST,TV18BRDCST,INE886H01027
51,INFIBEAM,31-03-2017,28-06-2019,275070,1574,Infibeam Avenues Ltd.,539807.0,INFIBEAM,INFIBEAM,INE483S01020
52,GODFRYPHLP,28-04-2017,28-06-2019,100163,1205,Godfrey Phillips India Ltd.,500163.0,GODFREY PH,GODFRYPHLP,INE260B01028
53,GODREJIND,19-02-2010,28-06-2019,100164,1209,Godrej Industries Ltd.,500164.0,GODREJ IND,GODREJIND,INE233A01035
54,IFCI,29-12-2006,28-06-2019,100106,1489,IFCI Ltd.,500106.0,IFCI LTD,IFCI,INE039A01010
55,IRB,29-10-2010,28-06-2019,200048,1629,IRB Infrastructure Developers Ltd.,532947.0,IRB INFRA,IRB,INE821I01022
56,VGUARD,28-04-2017,28-06-2019,200054,3876,V-Guard Industries Ltd.,532953.0,V GUARD IND,VGUARD,INE951I01027
57,GSFC,28-04-2017,28-06-2019,100690,1291,Gujarat State Fertilizers & Chemicals Ltd.,500690.0,GUJ.ST.FERT,GSFC,INE026A01025
58,INDIACEM,29-12-2006,28-06-2019,130005,3628,The India Cements Ltd.,530005.0,INDIA CEM.,INDIACEM,INE383A01012
59,DCBBANK,30-09-2016,28-06-2019,132772,780,DCB Bank Ltd.,532772.0,DCBBANK,DCBBANK,INE503A01015
60,WOCKPHARMA,28-11-2014,28-06-2019,132300,4001,Wockhardt Ltd.,532300.0,WOCKHARDT,WOCKPHARMA,INE049B01025
61,INDIANB,31-03-2017,28-06-2019,132814,1531,Indian Bank,532814.0,INDIAN BANK,INDIANB,INE562A01011
62,IDFC,29-12-2006,28-06-2019,132659,1486,IDFC Ltd. - (Amalgamated),532659.0,IDFC,IDFC,INE043D01016
63,KSCL,29-05-2015,28-06-2019,132899,1796,Kaveri Seed Company Ltd.,532899.0,KAVERI SEED,KSCL,INE455I01029
64,JISLJALEQS,19-02-2010,28-06-2019,100219,1659,Jain Irrigation Systems Ltd.,500219.0,JAIN IRRIG,JISLJALEQS,INE175A01038
65,NHPC,30-07-2010,28-06-2019,216369,2373,NHPC Ltd.,533098.0,NHPC,NHPC,INE848E01016
66,BEML,28-09-2015,28-06-2019,100048,449,BEML Ltd.,500048.0,BEML LTD,BEML,INE258A01016
67,ORIENTBANK,29-12-2006,28-06-2019,100315,2612,Oriental Bank Of Commerce - (Amalgamated),500315.0,ORINTAL BANK,ORIENTBANK,INE141A01014
68,JETAIRWAYS,01-01-2016,28-06-2019,132617,1691,Jet Airways (India) Ltd.,532617.0,JETAIRWAYS,JETAIRWAYS,INE802G01018
69,SOUTHBANK,29-05-2015,28-06-2019,132218,3642,The South Indian Bank Ltd.,532218.0,SOUTH IND.BK,SOUTHBANK,INE683A01023
70,MRPL,28-04-2017,28-06-2019,100109,2078,Mangalore Refinery And Petrochemicals Ltd.,500109.0,MRPL,MRPL,INE103A01014
71,PCJEWELLER,26-02-2016,28-06-2019,223032,2695,PC Jeweller Ltd.,534809.0,PC JEWELLER,PCJEWELLER,INE785M01013
72,REPCOHOME,30-06-2017,28-06-2019,209089,2983,Repco Home Finance Ltd.,535322.0,REPCO HOME,REPCOHOME,INE612J01015
73,SUZLON,31-03-2017,28-06-2019,132667,3504,Suzlon Energy Ltd.,532667.0,SUZLONENERGY,SUZLON,INE040H01021
74,SYNDIBANK,29-12-2006,28-06-2019,132276,3520,Syndicate Bank - (Amalgamated),532276.0,SYNDICATE BN,SYNDIBANK,INE667A01018
75,CANFINHOME,28-04-2017,28-06-2019,111196,588,Can Fin Homes Ltd.,511196.0,CANFIN HOMES,CANFINHOME,INE477A01020
76,CEATLTD,29-05-2015,28-06-2019,100878,615,Ceat Ltd.,500878.0,CEAT LIMITED,CEATLTD,INE482A01020
77,KTKBANK,29-10-2010,28-06-2019,132652,3632,The Karnataka Bank Ltd.,532652.0,KARNATAKA BK,KTKBANK,INE614B01018
78,CGPOWER,08-03-2017,28-06-2019,100093,637,CG Power and Industrial Solutions Ltd.,500093.0,CGPOWER,CGPOWER,INE067A01029
79,CHENNPETRO,30-06-2017,28-06-2019,100110,651,Chennai Petroleum Corporation Ltd.,500110.0,CHENNAI PET.,CHENNPETRO,INE178A01016
80,ALBK,29-12-2006,28-06-2019,132480,155,Allahabad Bank - (Amalgamated),532480.0,ALLAHABAD BK,ALBK,INE428A01015
81,AJANTPHARM,29-05-2015,28-06-2019,132331,127,Ajanta Pharma Ltd.,532331.0,AJANTA PHARM,AJANTPHARM,INE031B01049
82,TATACOMM,25-02-2008,28-06-2019,100483,3555,Tata Communications Ltd.,500483.0,TATA COMM,TATACOMM,INE151A01013
83,RPOWER,11-02-2008,28-06-2019,200039,2978,Reliance Power Ltd.,532939.0,RPOWER,RPOWER,INE614G01033
84,BHARATFIN,10-09-2014,02-07-2019,210779,479,Bharat Financial Inclusion Ltd. - (Amalgamated),533228.0,BHARATFIN,BHARATFIN,INE180K01011
85,HINDZINC,30-11-2007,26-09-2019,100188,1397,Hindustan Zinc Ltd.,500188.0,HINDUS.ZI,HINDZINC,INE267A01025
86,RELINFRA,29-12-2006,26-09-2019,100390,2971,Reliance Infrastructure Ltd.,500390.0,REL INFRA,RELINFRA,INE036A01016
87,RELCAPITAL,29-12-2006,26-09-2019,100111,2965,Reliance Capital Ltd.,500111.0,REL.CAP.,RELCAPITAL,INE013A01015
88,ARVIND,18-07-2011,26-09-2019,100101,272,Arvind Ltd.,500101.0,ARVIND Ltd,ARVIND,INE034A01011
89,RAYMOND,28-04-2017,26-09-2019,100330,2948,Raymond Ltd.,500330.0,RAYMOND,RAYMOND,INE301A01014
90,OFSS,18-09-2008,26-09-2019,132466,2593,Oracle Financial Services Software Ltd.,532466.0,ORACLE FIN,OFSS,INE881D01027
91,IDBI,29-12-2006,26-09-2019,100116,1482,IDBI Bank Ltd.,500116.0,IDBI BANK L,IDBI,INE008A01015
92,MCX,28-04-2017,26-09-2019,208766,2271,Multi Commodity Exchange Of India Ltd.,534091.0,MCX LTD,MCX,INE745G01035
93,ENGINERSIN,28-11-2014,26-09-2019,132178,984,Engineers India Ltd.,532178.0,ENGINRS.(I),ENGINERSIN,INE510A01028
94,DHFL,29-05-2015,26-09-2019,111072,2740,Piramal Capital & Housing Finance Ltd.,511072.0,DEWAN H.FIN.,DHFL,INE202B01012
95,BSOFT,26-02-2016,26-09-2019,132400,516,Birlasoft Ltd.,532400.0,BSOFT,BSOFT,INE836A01035
96,KAJARIACER,26-05-2017,26-09-2019,100233,1763,Kajaria Ceramics Ltd.,500233.0,KAJARIA CER.,KAJARIACER,INE217B01036
97,STAR,28-11-2014,31-10-2019,132531,3430,Strides Pharma Science Ltd.,532531.0,STAR,STAR,INE939A01011
98,BANKINDIA,29-12-2006,28-11-2019,132149,417,Bank Of India,532149.0,BNK OF INDIA,BANKINDIA,INE084A01016
99,TATAELXSI,26-02-2016,26-12-2019,100408,3558,Tata Elxsi Ltd.,500408.0,TATA ELXSI,TATAELXSI,INE670A01012
100,UNIONBANK,29-12-2006,26-12-2019,132477,3765,Union Bank Of India,532477.0,UNION BANK L,UNIONBANK,INE692A01016
101,HEXAWARE,28-05-2010,26-12-2019,132129,1360,Hexaware Technologies Ltd.,532129.0,HEXAWARE TEC,HEXAWARE,INE093A01033
102,DISHTV,21-08-2008,30-01-2020,132839,850,Dish TV India Ltd.,532839.0,DISH TV,DISHTV,INE836F01026
103,TATAMTRDVR,29-10-2010,30-01-2020,217889,3565,Tata Motors Ltd. - DVR Ordinary,570001.0,TATAMTRTDVR,TATAMTRDVR,IN9155A01020
104,CASTROLIND,29-05-2015,30-01-2020,100870,609,Castrol India Ltd.,500870.0,CASTROL,CASTROLIND,INE172A01027
105,NBCC,28-04-2017,30-01-2020,208801,2335,NBCC (India) Ltd.,534309.0,NBCC,NBCC,INE095N01031
106,TATACONSUM,29-12-2006,26-02-2020,100800,3557,Tata Consumer Products Ltd.,500800.0,TATACONSUM,TATACONSUM,INE192A01025
107,OIL,29-05-2015,30-04-2020,200091,2571,Oil India Ltd.,533106.0,OIL INDIA,OIL,INE274J01014
108,CESC,29-12-2006,28-05-2020,100084,635,CESC Ltd.,500084.0,CESC LTD.,CESC,INE486A01021
109,YESBANK,05-09-2007,28-05-2020,132648,4023,Yes Bank Ltd.,532648.0,YES BANK,YESBANK,INE528G01035
110,ADANIPOWER,30-07-2010,25-06-2020,209867,55,Adani Power Ltd.,533096.0,ADANI POWER,ADANIPOWER,INE814H01011
111,JUSTDIAL,13-03-2014,30-07-2020,211531,1752,Just Dial Ltd.,535648.0,JUSTDIAL,JUSTDIAL,INE599M01018
112,NCC,28-09-2015,30-07-2020,100294,2336,NCC Ltd.,500294.0,NCC,NCC,INE868B01028
113,CENTURYTEX,29-12-2006,27-08-2020,100040,69,Aditya Birla Real Estate Ltd.,500040.0,ABREL,ABREL,INE055A01016
114,EQUITAS,31-03-2017,27-08-2020,243712,998,Equitas Holdings Ltd. - (Amalgamated),539844.0,EQUITAS,EQUITAS,INE988K01017
115,UJJIVAN,31-03-2017,27-08-2020,222671,3748,Ujjivan Financial Services Ltd. - (Amalgamated),539874.0,UJJIVAN,UJJIVAN,INE334L01012
116,INDUSTOWER,28-09-2015,17-12-2020,209967,1571,Indus Towers Ltd.,534816.0,INDUSTOWER,INDUSTOWER,INE121J01017
117,CADILAHC,28-09-2015,31-03-2022,132321,4061,Zydus Lifesciences Ltd.,532321.0,ZYDUSLIFE,ZYDUSLIFE,INE010B01027
118,PFIZER,26-02-2021,28-04-2022,100680,2722,Pfizer Ltd.,500680.0,PFIZER LTD.,PFIZER,INE182A01018
119,APLLTD,26-02-2021,30-06-2022,224849,147,Alembic Pharmaceuticals Ltd.,533573.0,ALEM PHARMA,APLLTD,INE901L01018
120,STAR,30-07-2021,30-06-2022,132531,3430,Strides Pharma Science Ltd.,532531.0,STAR,STAR,INE939A01011
121,NBCC,31-12-2021,28-07-2022,208801,2335,NBCC (India) Ltd.,534309.0,NBCC,NBCC,INE095N01031
122,MINDTREE,10-09-2014,22-11-2022,132819,2167,Mindtree Ltd. - (Amalgamated),532819.0,MINDTREE LTD,MINDTREE,INE018I01017
123,GSPL,29-10-2021,24-11-2022,132702,1293,Gujarat State Petronet Ltd.,532702.0,GUJ PETRONET,GSPL,INE246F01010
124,SRTRANSFIN,30-07-2010,20-12-2022,111218,3256,Shriram Finance Ltd.,511218.0,SHRIRAM TRAN,SHRIRAMFIN,INE721A01013
125,AMARAJABAT,29-05-2015,30-12-2022,100008,176,Amara Raja Energy & Mobility Ltd.,500008.0,ARE&M,ARE&M,INE885A01032
126,FSL,29-10-2021,29-03-2023,132809,1072,Firstsource Solutions Ltd.,532809.0,FSL,FSL,INE684F01012
127,TORNTPOWER,30-09-2016,29-03-2023,132779,3681,Torrent Power Ltd.,532779.0,TORNT POWER,TORNTPOWER,INE813H01021
128,HONAUT,31-12-2021,27-04-2023,117174,1420,Honeywell Automation India Ltd.,517174.0,HONEYWELL,HONAUT,INE671A01010
129,WHIRLPOOL,29-10-2021,25-05-2023,100238,3985,Whirlpool Of India Ltd.,500238.0,WHIRLPOOL,WHIRLPOOL,INE716A01013
130,RAIN,31-12-2021,29-06-2023,100339,2892,Rain Industries Ltd.,500339.0,RAIN,RAIN,INE855B01025
131,HDFC,29-12-2006,27-07-2023,100010,1424,Housing Development Finance Corporation Ltd. - (Amalgamated),500010.0,HDFC,HDFC,INE001A01036
132,INTELLECT,28-01-2022,27-07-2023,271581,1610,Intellect Design Arena Ltd.,538835.0,INTELLECT,INTELLECT,INE306R01017
133,IBULHSGFIN,28-11-2014,28-12-2023,220741,3081,Sammaan Capital Ltd.,535789.0,SAMMAANCAP,SAMMAANCAP,INE148I01020
134,DELTACORP,01-10-2021,29-02-2024,132848,808,Delta Corp Ltd.,532848.0,DELTA CORP,DELTACORP,INE124G01033
135,L_TFH,13-03-2014,25-04-2024,220350,1924,L&T Finance Ltd.,533519.0,LTF,LTF,INE498L01015
136,ZEEL,28-02-2007,27-06-2024,105537,4030,Zee Entertainment Enterprises Ltd.,505537.0,ZEE ENTER,ZEEL,INE256A01028
137,TCS,29-12-2006,31-12-2024,132540,3556,Tata Consultancy Services Ltd.,532540.0,TCS LTD.,TCS,INE467B01029
138,GODREJPROP,26-03-2020,31-12-2024,208238,1210,Godrej Properties Ltd.,533150.0,GODREJ PROP,GODREJPROP,INE484J01027
139,HAL,27-08-2021,31-12-2024,219494,1383,Hindustan Aeronautics Ltd.,541154.0,HAL,HAL,INE066F01020
140,IEX,27-08-2021,31-12-2024,224623,1534,Indian Energy Exchange Ltd.,540750.0,IEX,IEX,INE022Q01020
141,IPCALAB,27-08-2021,31-12-2024,124494,1628,Ipca Laboratories Ltd.,524494.0,IPCA LAB LTD,IPCALAB,INE571A01038
142,BANDHANBNK,28-02-2020,31-12-2024,279527,413,Bandhan Bank Ltd.,541153.0,BANDHANBNK,BANDHANBNK,INE545U01014
143,UPL,11-05-2007,31-12-2024,112070,3789,UPL Ltd.,512070.0,UPL,UPL,INE628A01036
144,HDFCLIFE,28-02-2020,31-12-2024,217389,1324,HDFC Life Insurance Company Ltd.,540777.0,HDFCLIFE,HDFCLIFE,INE795G01014
145,POLYCAB,27-08-2021,31-12-2024,211337,2766,Polycab India Ltd.,542652.0,POLYCAB,POLYCAB,INE455K01017
146,DIXON,27-08-2021,31-12-2024,210072,857,Dixon Technologies (India) Ltd.,540699.0,DIXON,DIXON,INE935N01020
147,SIEMENS,29-12-2006,31-12-2024,100550,3274,Siemens Ltd.,500550.0,SIEMENS LTD.,SIEMENS,INE003A01024
148,SHREECEM,31-03-2017,31-12-2024,100387,3224,Shree Cement Ltd.,500387.0,SHREE CEMENT,SHREECEM,INE070A01015
149,SBIN,29-12-2006,31-12-2024,100112,3408,State Bank Of India,500112.0,STATE BANK,SBIN,INE062A01020
150,INDIAMART,27-08-2021,31-12-2024,290269,1528,Indiamart Intermesh Ltd.,542726.0,INDIAMART,INDIAMART,INE933S01016
151,SAIL,29-12-2006,31-12-2024,100113,3411,Steel Authority Of India Ltd.,500113.0,STEEL AUTH.,SAIL,INE114A01011
152,SYNGENE,27-08-2021,31-12-2024,209373,3522,Syngene International Ltd.,539268.0,SYNGENE,SYNGENE,INE398R01022
153,ABBOTINDIA,01-10-2021,31-12-2024,100488,34,Abbott India Ltd.,500488.0,ABBOTT (I),ABBOTINDIA,INE358A01014
154,VOLTAS,29-12-2006,31-12-2024,100575,3944,Voltas Ltd.,500575.0,VOLTAS LTD,VOLTAS,INE226A01021
155,HINDCOPPER,31-12-2021,31-12-2024,113599,1386,Hindustan Copper Ltd.,513599.0,HIND.COPPER,HINDCOPPER,INE531E01026
156,ABCAPITAL,31-12-2021,31-12-2024,242461,63,Aditya Birla Capital Ltd.,540691.0,ABCAPITAL,ABCAPITAL,INE674K01013
157,VEDL,29-12-2006,31-12-2024,100295,3857,Vedanta Ltd.,500295.0,VEDL,VEDL,INE205A01025
158,SBICARD,29-10-2021,31-12-2024,225051,3135,SBI Cards And Payment Services Ltd.,543066.0,SBICARD,SBICARD,INE018E01016
159,RECLTD,12-03-2008,31-12-2024,200055,2953,REC Ltd.,532955.0,RECLTD,RECLTD,INE020B01018
160,SRF,29-05-2015,31-12-2024,103806,3384,SRF Ltd.,503806.0,SRF LIMITED,SRF,INE647A01010
161,LAURUSLABS,29-10-2021,31-12-2024,271867,1948,Laurus Labs Ltd.,540222.0,LAURUSLABS,LAURUSLABS,INE947Q01028
162,ATUL,29-10-2021,31-12-2024,100027,321,Atul Ltd.,500027.0,ATUL LTD.,ATUL,INE100A01010
163,PERSISTENT,01-10-2021,31-12-2024,210590,2717,Persistent Systems Ltd.,533179.0,PERSISTENT,PERSISTENT,INE262H01021
164,OBEROIRLTY,01-10-2021,31-12-2024,220018,2563,Oberoi Realty Ltd.,533273.0,OBEROI REAL,OBEROIRLTY,INE093I01010
165,JKCEMENT,01-10-2021,31-12-2024,132644,1718,JK Cement Ltd.,532644.0,JK CEMENT,JKCEMENT,INE823G01014
166,DALBHARAT,01-10-2021,31-12-2024,293380,765,Dalmia Bharat Ltd.,542216.0,DALBHARAT,DALBHARAT,INE00R701025
167,CROMPTON,01-10-2021,31-12-2024,280713,740,Crompton Greaves Consumer Electricals Ltd.,539876.0,CROMPTON,CROMPTON,INE299U01018
168,RELIANCE,29-12-2006,31-12-2024,100325,2970,Reliance Industries Ltd.,500325.0,RELIANCE,RELIANCE,INE002A01018
169,SBILIFE,01-05-2020,31-12-2024,211385,3141,SBI Life Insurance Company Ltd.,540719.0,SBILIFE,SBILIFE,INE123W01016
170,ASTRAL,30-07-2021,31-12-2024,132830,307,Astral Ltd.,532830.0,ASTRAL,ASTRAL,INE006I01046
171,ICICIGI,02-11-2020,31-12-2024,217379,1445,ICICI Lombard General Insurance Company Ltd.,540716.0,ICICIGI,ICICIGI,INE765G01017
172,TATACONSUM,27-02-2020,31-12-2024,100800,3557,Tata Consumer Products Ltd.,500800.0,TATACONSUM,TATACONSUM,INE192A01025
173,NAVINFLUOR,26-02-2021,31-12-2024,132504,2329,Navin Fluorine International Ltd.,532504.0,NAVIN FLUORI,NAVINFLUOR,INE048G01026
174,TATAMOTORS,29-12-2006,31-12-2024,100570,3564,Tata Motors Ltd.,500570.0,TATA MOTORS,TATAMOTORS,INE155A01022
175,NAM_INDIA,26-02-2021,31-12-2024,209078,2518,Nippon Life India Asset Management Ltd.,540767.0,NAM-INDIA,NAM-INDIA,INE298J01013
176,TORNTPHARM,01-01-2016,31-12-2024,100420,3679,Torrent Pharmaceuticals Ltd.,500420.0,TORRENT PHAR,TORNTPHARM,INE685A01028
177,TITAN,29-12-2006,31-12-2024,100114,3672,Titan Company Ltd.,500114.0,TITAN,TITAN,INE280A01028
178,AUBANK,26-02-2021,31-12-2024,286335,323,AU Small Finance Bank Ltd.,540611.0,AUBANK,AUBANK,INE949L01017
179,TATAPOWER,29-12-2006,31-12-2024,100400,3569,Tata Power Company Ltd.,500400.0,TATA POWER,TATAPOWER,INE245A01021
180,LTIM,26-02-2021,31-12-2024,216156,1996,LTIMindtree Ltd.,540005.0,LTIM,LTIM,INE214T01019
181,IRCTC,26-02-2021,31-12-2024,208412,1541,Indian Railway Catering And Tourism Corporation Ltd.,542830.0,IRCTC,IRCTC,INE335Y01020
182,GUJGASLTD,26-02-2021,31-12-2024,249927,1280,Gujarat Gas Ltd.,539336.0,GUJGASLTD,GUJGASLTD,INE844O01030
183,TATASTEEL,29-12-2006,31-12-2024,100470,3573,Tata Steel Ltd.,500470.0,TATA STEEL,TATASTEEL,INE081A01020
184,DEEPAKNTR,26-02-2021,31-12-2024,106401,803,Deepak Nitrite Ltd.,506401.0,DEEPAKNTR,DEEPAKNTR,INE288B01029
185,CUB,26-02-2021,31-12-2024,132210,674,City Union Bank Ltd.,532210.0,CITY UNION,CUB,INE491A01021
186,LTTS,26-02-2021,31-12-2024,268618,1925,L&T Technology Services Ltd.,540115.0,LTTS,LTTS,INE010V01017
187,TECHM,05-09-2007,31-12-2024,132755,3590,Tech Mahindra Ltd.,532755.0,TECH MAH,TECHM,INE669C01036
188,ALKEM,26-02-2021,31-12-2024,212427,152,Alkem Laboratories Ltd.,539523.0,ALKEM,ALKEM,INE540L01014
189,UBL,03-10-2013,31-12-2024,132478,3773,United Breweries Ltd.,532478.0,UNITED BREWA,UBL,INE686F01025
190,ULTRACEMCO,29-12-2006,31-12-2024,132538,3753,Ultratech Cement Ltd.,532538.0,ULTRATECH CM,ULTRACEMCO,INE481G01011
191,METROPOLIS,22-06-2021,31-12-2024,235506,2151,Metropolis Healthcare Ltd.,542650.0,METROPOLIS,METROPOLIS,INE112L01020
192,SUNPHARMA,29-12-2006,31-12-2024,124715,3451,Sun Pharmaceutical Industries Ltd.,524715.0,SUN PHARMA.,SUNPHARMA,INE044A01036
193,COROMANDEL,22-06-2021,31-12-2024,106395,719,Coromandel International Ltd.,506395.0,COROM INTER,COROMANDEL,INE169A01031
194,ABFRL,22-06-2021,31-12-2024,210591,65,Aditya Birla Fashion and Retail Ltd.,535755.0,ABFRL,ABFRL,INE647O01011
195,SUNTV,29-12-2006,31-12-2024,132733,3453,Sun TV Network Ltd.,532733.0,SUN TVNET,SUNTV,INE424H01027
196,TVSMOTOR,10-09-2014,31-12-2024,132343,3733,TVS Motor Company Ltd.,532343.0,TVS MOTOR L,TVSMOTOR,INE494B01023
197,HDFCAMC,01-01-2021,31-12-2024,208280,1321,HDFC Asset Management Company Ltd.,541729.0,HDFCAMC,HDFCAMC,INE127D01025
198,TRENT,26-02-2021,31-12-2024,100251,3702,Trent Ltd.,500251.0,TRENT LTD.,TRENT,INE849A01020
199,PIIND,26-02-2021,31-12-2024,123642,2731,PI Industries Ltd.,523642.0,PI INDUS.LTD,PIIND,INE603J01030
200,TATACHEM,29-12-2006,31-12-2024,100770,3553,Tata Chemicals Ltd.,500770.0,TATA CHEM.,TATACHEM,INE092A01019
201,LALPATHLAB,01-01-2021,31-12-2024,218763,877,Dr. Lal Pathlabs Ltd.,539524.0,LALPATHLAB,LALPATHLAB,INE600L01024
202,TATACOMM,31-12-2021,31-12-2024,100483,3555,Tata Communications Ltd.,500483.0,TATA COMM,TATACOMM,INE151A01013
203,AARTIIND,01-01-2021,31-12-2024,124208,22,Aarti Industries Ltd.,524208.0,AARTI INDUST,AARTIIND,INE769A01020
204,ZYDUSLIFE,07-03-2022,31-12-2024,132321,4061,Zydus Lifesciences Ltd.,532321.0,ZYDUSLIFE,ZYDUSLIFE,INE010B01027
205,WIPRO,29-12-2006,31-12-2024,107685,3999,Wipro Ltd.,507685.0,WIPRO LTD.,WIPRO,INE075A01022
206,MANAPPURAM,30-06-2017,31-12-2024,131213,2065,Manappuram Finance Ltd.,531213.0,MANAP FIN,MANAPPURAM,INE522D01027
207,RAMCOCEM,26-05-2017,31-12-2024,100260,3639,The Ramco Cements Ltd.,500260.0,RAMCOCEM,RAMCOCEM,INE331A01037
208,CANFINHOME,27-08-2021,31-12-2024,111196,588,Can Fin Homes Ltd.,511196.0,CANFIN HOMES,CANFINHOME,INE477A01020
209,CHAMBLFERT,29-10-2021,31-12-2024,100085,641,Chambal Fertilisers and Chemicals Ltd.,500085.0,CHAMBAL FERT,CHAMBLFERT,INE085A01013
210,CHOLAFIN,28-04-2017,31-12-2024,111243,661,Cholamandalam Investment and Finance Company Ltd.,511243.0,CHOLAFIN,CHOLAFIN,INE121A01024
211,CIPLA,29-12-2006,31-12-2024,100087,672,Cipla Ltd.,500087.0,CIPLA LTD.,CIPLA,INE059A01026
212,COALINDIA,05-08-2011,31-12-2024,219300,688,Coal India Ltd.,533278.0,COAL INDIA,COALINDIA,INE522F01014
213,COLPAL,17-12-2007,31-12-2024,100830,694,Colgate-Palmolive (India) Ltd.,500830.0,COLGATE PALM,COLPAL,INE259A01022
214,CONCOR,01-01-2016,31-12-2024,131344,708,Container Corporation Of India Ltd.,531344.0,CONTAIN.CORP,CONCOR,INE111A01025
215,CUMMINSIND,26-02-2016,31-12-2024,100480,749,Cummins India Ltd.,500480.0,CUMMINS (I),CUMMINSIND,INE298A01020
216,DABUR,29-12-2006,31-12-2024,100096,762,Dabur India Ltd.,500096.0,DABUR (I),DABUR,INE016A01026
217,DIVISLAB,29-12-2006,31-12-2024,132488,855,Divi's Laboratories Ltd.,532488.0,DIVI'S LAB.,DIVISLAB,INE361B01024
218,DLF,04-07-2007,31-12-2024,132868,860,DLF Ltd.,532868.0,DLF LIMITED,DLF,INE271C01023
219,CANBK,29-12-2006,31-12-2024,132483,589,Canara Bank,532483.0,CANARA BANK,CANBK,INE476A01022
220,DRREDDY,29-12-2006,31-12-2024,100124,878,Dr. Reddy's Laboratories Ltd.,500124.0,DR.REDDY'S,DRREDDY,INE089A01031
221,ESCORTS,31-03-2017,31-12-2024,100495,1006,Escorts Kubota Ltd.,500495.0,ESCORTS,ESCORTS,INE042A01014
222,EXIDEIND,28-05-2010,31-12-2024,100086,1040,Exide Industries Ltd.,500086.0,EXIDE IND.,EXIDEIND,INE302A01020
223,FEDERALBNK,29-12-2006,31-12-2024,100469,3623,The Federal Bank Ltd.,500469.0,FEDERAL BANK,FEDERALBNK,INE171A01029
224,GAIL,29-12-2006,31-12-2024,132155,1110,GAIL (India) Ltd.,532155.0,GAIL (I) LTD,GAIL,INE129A01019
225,GLENMARK,03-10-2013,31-12-2024,132296,1175,Glenmark Pharmaceuticals Ltd.,532296.0,GLENMARK PHA,GLENMARK,INE935A01035
226,GMRINFRA,29-12-2006,31-12-2024,132754,1195,GMR Airports Ltd.,532754.0,GMRINFRA,GMRINFRA,INE776C01039
227,GNFC,31-12-2021,31-12-2024,100670,1284,Gujarat Narmada Valley Fertilizers & Chemicals Ltd.,500670.0,GUJ.NARMADA,GNFC,INE113A01013
228,GODREJCP,01-01-2016,31-12-2024,132424,1208,Godrej Consumer Products Ltd.,532424.0,GODREJ CONS,GODREJCP,INE102D01028
229,GRANULES,26-02-2021,31-12-2024,132482,1238,Granules India Ltd.,532482.0,GRANULES (I),GRANULES,INE101D01020
230,GRASIM,29-12-2006,31-12-2024,100300,1242,Grasim Industries Ltd.,500300.0,GRASIM IND.,GRASIM,INE047A01021
231,HAVELLS,29-10-2010,31-12-2024,117354,1315,Havells India Ltd.,517354.0,HAVELLSINDIA,HAVELLS,INE176B01034
232,EICHERMOT,10-09-2014,31-12-2024,105200,941,Eicher Motors Ltd.,505200.0,EICHER MOTOR,EICHERMOT,INE066A01021
233,HCLTECH,29-12-2006,31-12-2024,132281,1320,HCL Technologies Ltd.,532281.0,HCL TECHNO,HCLTECH,INE860A01027
234,BRITANNIA,29-05-2015,31-12-2024,100825,561,Britannia Industries Ltd.,500825.0,BRITANIA IND,BRITANNIA,INE216A01030
235,BOSCHLTD,28-11-2014,31-12-2024,100530,547,Bosch Ltd.,500530.0,BOSCH LTD,BOSCHLTD,INE323A01026
236,ABB,28-01-2022,31-12-2024,100002,33,ABB India Ltd.,500002.0,ABB LTD.,ABB,INE117A01022
237,ACC,29-12-2006,31-12-2024,100410,42,ACC Ltd.,500410.0,ACC LTD,ACC,INE012A01025
238,ADANIENT,19-02-2010,31-12-2024,112599,52,Adani Enterprises Ltd.,512599.0,ADANI ENTER ,ADANIENT,INE423A01024
239,ADANIPORTS,19-02-2010,31-12-2024,132921,54,Adani Ports and Special Economic Zone Ltd.,532921.0,ADANI PORTS,ADANIPORTS,INE742F01042
240,AMBUJACEM,24-07-2007,31-12-2024,100425,184,Ambuja Cements Ltd.,500425.0,AMBUJA CEME,AMBUJACEM,INE079A01024
241,APOLLOHOSP,27-12-2013,31-12-2024,108869,230,Apollo Hospitals Enterprise Ltd.,508869.0,APOLLO HOSP.,APOLLOHOSP,INE437A01024
242,APOLLOTYRE,19-02-2010,31-12-2024,100877,234,Apollo Tyres Ltd.,500877.0,APOLLO TYRES,APOLLOTYRE,INE438A01022
243,ASHOKLEY,29-12-2006,31-12-2024,100477,285,Ashok Leyland Ltd.,500477.0,ASHOK LEYL.,ASHOKLEY,INE208A01029
244,ASIANPAINT,21-08-2008,31-12-2024,100820,297,Asian Paints Ltd.,500820.0,ASIAN PAINTS,ASIANPAINT,INE021A01026
245,AUROPHARMA,29-12-2006,31-12-2024,124804,328,Aurobindo Pharma Ltd.,524804.0,AUROB.PHARMA,AUROPHARMA,INE406A01037
246,AXISBANK,29-12-2006,31-12-2024,132215,357,Axis Bank Ltd.,532215.0,AXIS BANK,AXISBANK,INE238A01034
247,BPCL,29-12-2006,31-12-2024,100547,484,Bharat Petroleum Corporation Ltd.,500547.0,BHARAT PET.,BPCL,INE029A01011
248,BAJAJ_AUTO,26-05-2008,31-12-2024,200132,382,Bajaj Auto Ltd.,532977.0,BAJAJ AUTO,BAJAJ-AUTO,INE917I01010
249,BAJFINANCE,29-05-2015,31-12-2024,100034,385,Bajaj Finance Ltd.,500034.0,BAJFINANCE,BAJFINANCE,INE296A01024
250,BALKRISIND,28-04-2017,31-12-2024,102355,404,Balkrishna Industries Ltd.,502355.0,BALKRISH IND,BALKRISIND,INE787D01026
251,BALRAMCHIN,31-12-2021,31-12-2024,100038,408,Balrampur Chini Mills Ltd.,500038.0,BALRAM.CHINI,BALRAMCHIN,INE119A01028
252,BANKBARODA,29-12-2006,31-12-2024,132134,416,Bank Of Baroda,532134.0,BANKBARODA,BANKBARODA,INE028A01039
253,BATAINDIA,29-10-2010,31-12-2024,100043,434,Bata India Ltd.,500043.0,BATA INDIA,BATAINDIA,INE176A01028
254,BEL,29-05-2015,31-12-2024,100049,478,Bharat Electronics Ltd.,500049.0,BHARAT ELECT,BEL,INE263A01024
255,BERGEPAINT,28-04-2017,31-12-2024,109480,450,Berger Paints India Ltd.,509480.0,BERGE PAINT,BERGEPAINT,INE463A01038
256,BHARATFORG,29-12-2006,31-12-2024,100493,480,Bharat Forge Ltd.,500493.0,BHARAT FORGE,BHARATFORG,INE465A01025
257,BHARTIARTL,29-12-2006,31-12-2024,132454,490,Bharti Airtel Ltd.,532454.0,BHARTI ARTL,BHARTIARTL,INE397D01024
258,BHEL,29-12-2006,31-12-2024,100103,482,Bharat Heavy Electricals Ltd.,500103.0,BHEL,BHEL,INE257A01026
259,BIOCON,05-09-2007,31-12-2024,132523,504,Biocon Ltd.,532523.0,BIOCON LTD.,BIOCON,INE376G01013
260,BAJAJFINSV,28-04-2017,31-12-2024,205198,386,Bajaj Finserv Ltd.,532978.0,BAJAJ FINSE,BAJAJFINSV,INE918I01026
261,HDFCBANK,29-12-2006,31-12-2024,100180,1322,HDFC Bank Ltd.,500180.0,HDFC BANK,HDFCBANK,INE040A01034
262,HEROMOTOCO,29-12-2006,31-12-2024,100182,1356,Hero MotoCorp Ltd.,500182.0,HEROMOTOCO,HEROMOTOCO,INE158A01026
263,HINDALCO,27-08-2007,31-12-2024,100440,1376,Hindalco Industries Ltd.,500440.0,HINDALCO,HINDALCO,INE038A01020
264,UNITDSPR,26-02-2016,31-12-2024,132432,3777,United Spirits Ltd.,532432.0,UNITDSPR,UNITDSPR,INE854D01024
265,MCX,27-08-2021,31-12-2024,208766,2271,Multi Commodity Exchange Of India Ltd.,534091.0,MCX LTD,MCX,INE745G01035
266,MFSL,31-03-2017,31-12-2024,100271,2111,Max Financial Services Ltd.,500271.0,MFSL,MFSL,INE180A01020
267,MGL,28-04-2017,31-12-2024,208661,2032,Mahanagar Gas Ltd.,539957.0,MGL,MGL,INE002S01010
268,MOTHERSON,10-09-2014,31-12-2024,117334,3086,Samvardhana Motherson International Ltd.,517334.0,MOTHERSON,MOTHERSON,INE775A01035
269,MPHASIS,26-02-2021,31-12-2024,126299,2249,Mphasis Ltd.,526299.0,MPHASIS LTD,MPHASIS,INE356A01018
270,MRF,29-10-2010,31-12-2024,100290,2255,MRF Ltd.,500290.0,MRF LTD.,MRF,INE883A01011
271,MUTHOOTFIN,31-03-2017,31-12-2024,221790,2281,Muthoot Finance Ltd.,533398.0,MUTHOOT FIN,MUTHOOTFIN,INE414G01012
272,NATIONALUM,26-05-2017,31-12-2024,132234,2320,National Aluminium Company Ltd.,532234.0,NAT.ALUM,NATIONALUM,INE139A01034
273,NAUKRI,28-03-2020,31-12-2024,132777,1578,Info Edge (India) Ltd.,532777.0,INFO EDGE,NAUKRI,INE663F01024
274,NESTLEIND,28-04-2017,31-12-2024,100790,2356,Nestle India Ltd.,500790.0,NESTLE (I),NESTLEIND,INE239A01024
275,MARUTI,29-12-2006,31-12-2024,132500,2099,Maruti Suzuki India Ltd.,532500.0,MARUTISUZUK,MARUTI,INE585B01010
276,COFORGE,01-07-2016,31-12-2024,132541,692,Coforge Ltd.,532541.0,COFORGE,COFORGE,INE591G01017
277,NTPC,29-12-2006,31-12-2024,132555,2554,NTPC Ltd.,532555.0,NTPC LTD,NTPC,INE733E01010
278,OFSS,27-08-2021,31-12-2024,132466,2593,Oracle Financial Services Software Ltd.,532466.0,ORACLE FIN,OFSS,INE881D01027
279,ONGC,29-12-2006,31-12-2024,100312,2569,Oil & Natural Gas Corporation Ltd.,500312.0,ONGC CORPN,ONGC,INE213A01029
280,PAGEIND,29-05-2015,31-12-2024,132827,2636,Page Industries Ltd.,532827.0,PAGE INDUSTR,PAGEIND,INE761H01022
281,PEL,31-03-2017,31-12-2024,100302,2741,Piramal Enterprises Ltd.,500302.0,PEL,PEL,INE140A01024
282,PETRONET,11-05-2007,31-12-2024,132522,2720,Petronet LNG Ltd.,532522.0,PETRONET LNG,PETRONET,INE347G01014
283,PFC,22-02-2007,31-12-2024,132810,2778,Power Finance Corporation Ltd.,532810.0,POWER FINAN,PFC,INE134E01011
284,PIDILITIND,29-05-2015,31-12-2024,100331,2734,Pidilite Industries Ltd.,500331.0,PIDILITE,PIDILITIND,INE318A01026
285,PNB,29-12-2006,31-12-2024,132461,2850,Punjab National Bank,532461.0,PUNJAB NATIO,PNB,INE160A01022
286,POWERGRID,04-10-2007,31-12-2024,132898,2779,Power Grid Corporation Of India Ltd.,532898.0,POWER GRID,POWERGRID,INE752E01010
287,PVRINOX,31-03-2017,31-12-2024,132689,2859,PVR Inox Ltd.,532689.0,PVRINOX,PVRINOX,INE191H01014
288,NMDC,01-10-2010,31-12-2024,126371,2533,NMDC Ltd.,526371.0,NMDC LTD,NMDC,INE584A01023
289,MARICO,28-09-2015,31-12-2024,131642,2093,Marico Ltd.,531642.0,MARICOLTD,MARICO,INE196A01026
290,SHRIRAMFIN,20-12-2022,31-12-2024,111218,3256,Shriram Finance Ltd.,511218.0,SHRIRAM TRAN,SHRIRAMFIN,INE721A01013
291,M_MFIN,27-12-2013,31-12-2024,132720,2040,Mahindra & Mahindra Financial Services Ltd.,532720.0,M&M FINANSER,M&MFIN,INE774D01024
292,HINDPETRO,29-12-2006,31-12-2024,100104,1394,Hindustan Petroleum Corporation Ltd.,500104.0,HIND.PETRO,HINDPETRO,INE094A01015
293,HINDUNILVR,19-07-2007,31-12-2024,100696,1396,Hindustan Unilever Ltd.,500696.0,HIND UNI LT,HINDUNILVR,INE030A01027
294,ICICIBANK,29-12-2006,31-12-2024,132174,1444,ICICI Bank Ltd.,532174.0,ICICI BANK,ICICIBANK,INE090A01021
295,ICICIPRULI,30-06-2017,31-12-2024,210258,1452,ICICI Prudential Life Insurance Company Ltd.,540133.0,ICICIPRULI,ICICIPRULI,INE726G01019
296,IDEA,08-03-2007,31-12-2024,132822,3941,Vodafone Idea Ltd.,532822.0,IDEA,IDEA,INE669E01016
297,IDFC,31-12-2021,31-12-2024,132659,1486,IDFC Ltd. - (Amalgamated),532659.0,IDFC,IDFC,INE043D01016
298,IDFCFIRSTB,30-09-2016,31-12-2024,278580,1485,IDFC First Bank Ltd.,539437.0,IDFCFIRSTB,IDFCFIRSTB,INE092T01019
299,IGL,29-10-2010,31-12-2024,132514,1565,Indraprastha Gas Ltd.,532514.0,INDRA GAS,IGL,INE203G01027
300,INDHOTEL,22-06-2021,31-12-2024,100850,3629,The Indian Hotels Company Ltd.,500850.0,INDIAN HOTEL,INDHOTEL,INE053A01029
301,INDIACEM,01-10-2021,31-12-2024,130005,3628,The India Cements Ltd.,530005.0,INDIA CEM.,INDIACEM,INE383A01012
302,INDIGO,31-03-2017,31-12-2024,222055,1613,Interglobe Aviation Ltd.,539448.0,INDIGO,INDIGO,INE646L01027
303,INDUSINDBK,29-10-2010,31-12-2024,132187,1572,IndusInd Bank Ltd.,532187.0,INDUSIND BNK,INDUSINDBK,INE095A01012
304,INDUSTOWER,18-12-2020,31-12-2024,209967,1571,Indus Towers Ltd.,534816.0,INDUSTOWER,INDUSTOWER,INE121J01017
305,INFY,29-12-2006,31-12-2024,100209,1584,Infosys Ltd.,500209.0,INFOSYS LTD,INFY,INE009A01021
306,IOC,29-12-2006,31-12-2024,130965,1537,Indian Oil Corporation Ltd.,530965.0,INDIAN OIL,IOC,INE242A01010
307,ITC,29-12-2006,31-12-2024,100875,1644,ITC Ltd.,500875.0,ITC LTD.,ITC,INE154A01025
308,JINDALSTEL,29-12-2006,31-12-2024,132286,1712,Jindal Steel & Power Ltd.,532286.0,JINDAL STE,JINDALSTEL,INE749A01030
309,JSWSTEEL,29-12-2006,31-12-2024,100228,1739,JSW Steel Ltd.,500228.0,JSWSL,JSWSTEEL,INE019A01038
310,JUBLFOOD,18-07-2011,31-12-2024,215367,1742,Jubilant FoodWorks Ltd.,533155.0,JUBL FOOD,JUBLFOOD,INE797F01020
311,KOTAKBANK,29-12-2006,31-12-2024,100247,1868,Kotak Mahindra Bank Ltd.,500247.0,KOTAK MAH.BK,KOTAKBANK,INE237A01028
312,BSOFT,29-10-2021,31-12-2024,132400,516,Birlasoft Ltd.,532400.0,BSOFT,BSOFT,INE836A01035
313,LICHSGFIN,29-12-2006,31-12-2024,100253,1965,LIC Housing Finance Ltd.,500253.0,LIC HOUS.FIN,LICHSGFIN,INE115A01026
314,LT,29-12-2006,31-12-2024,100510,1944,Larsen & Toubro Ltd.,500510.0,LARSEN & TOU,LT,INE018A01030
315,LUPIN,29-12-2006,31-12-2024,100257,2002,Lupin Ltd.,500257.0,LUPIN LTD.,LUPIN,INE326A01037
316,M_M,29-12-2006,31-12-2024,100520,2041,Mahindra & Mahindra Ltd.,500520.0,MAH & MAH,M&M,INE101A01026
317,RBLBANK,26-05-2017,31-12-2024,209068,2949,RBL Bank Ltd.,540065.0,RBLBANK,RBLBANK,INE976G01028
318,LTF,30-05-2024,31-12-2024,220350,1924,L&T Finance Ltd.,533519.0,LTF,LTF,INE498L01015
